run_id,loss,beta,sigma,lr,batch_size,seed,num_steps,final_mae,final_v_w_norm,v_w_norm_true,best_mae,best_step,best_v_w_norm,hjb_rmse,elapsed_sec
sig0.05_lr0.0005_B256_td_beta0_s1,td,0.0,0.05,0.0005,256,1,15000,0.27932651476921244,nan,nan,0.12496514246430171,10050,nan,nan,77.79179763793945
sig0.05_lr0.0005_B256_td_beta0_s0,td,0.0,0.05,0.0005,256,0,15000,0.2597716236314981,nan,nan,0.17448259733902952,12550,nan,nan,78.8043475151062
sig0.05_lr0.0005_B256_beta_dtd_beta0.1_s1,beta_dtd,0.1,0.05,0.0005,256,1,15000,0.27346453873725446,nan,nan,0.095034779287258,8800,nan,nan,109.70440793037415
sig0.05_lr0.0005_B256_beta_dtd_beta0.25_s0,beta_dtd,0.25,0.05,0.0005,256,0,15000,0.1918528833364868,nan,nan,0.09340483700912502,13450,nan,nan,110.79636263847351
sig0.05_lr0.0005_B256_beta_dtd_beta0.1_s0,beta_dtd,0.1,0.05,0.0005,256,0,15000,0.18936343658953428,nan,nan,0.09367891813868513,14800,nan,nan,111.02950668334961
sig0.05_lr0.0005_B256_beta_dtd_beta0.75_s0,beta_dtd,0.75,0.05,0.0005,256,0,15000,0.1241292687420383,nan,nan,0.09028339808004744,13650,nan,nan,110.99080657958984
sig0.05_lr0.0005_B256_beta_dtd_beta0.5_s0,beta_dtd,0.5,0.05,0.0005,256,0,15000,0.17287045992916883,nan,nan,0.12153718814779126,12800,nan,nan,111.41905879974365
sig0.05_lr0.0005_B256_beta_dtd_beta0.25_s1,beta_dtd,0.25,0.05,0.0005,256,1,15000,0.151582738370817,nan,nan,0.08198303688146868,11800,nan,nan,155.18008303642273
sig0.05_lr0.0005_B256_beta_dtd_beta0.5_s1,beta_dtd,0.5,0.05,0.0005,256,1,15000,0.2016443811015849,nan,nan,0.12840243399009948,13100,nan,nan,155.10871601104736
sig0.05_lr0.0005_B256_td_beta0_s2,td,0.0,0.05,0.0005,256,2,15000,0.16560546613411226,nan,nan,0.08711322822762627,10450,nan,nan,123.20483803749084
sig0.05_lr0.0005_B256_beta_dtd_beta0.75_s1,beta_dtd,0.75,0.05,0.0005,256,1,15000,0.13624784214163008,nan,nan,0.0702148117028,11300,nan,nan,141.678546667099
sig0.05_lr0.0005_B256_beta_dtd_beta0.25_s2,beta_dtd,0.25,0.05,0.0005,256,2,15000,0.1288749158430319,nan,nan,0.08118466058984487,12500,nan,nan,141.14260840415955
sig0.05_lr0.0005_B256_beta_dtd_beta0.5_s2,beta_dtd,0.5,0.05,0.0005,256,2,15000,0.12419520152459497,nan,nan,0.08404422479280028,13350,nan,nan,140.8422451019287
sig0.05_lr0.0005_B256_beta_dtd_beta0.1_s2,beta_dtd,0.1,0.05,0.0005,256,2,15000,0.319932328007099,nan,nan,0.09773598731534343,10450,nan,nan,141.6131134033203
sig0.05_lr0.0005_B256_beta_dtd_beta0.75_s2,beta_dtd,0.75,0.05,0.0005,256,2,15000,0.0885509000366827,nan,nan,0.0885509000366827,14999,nan,nan,81.05001187324524
sig0.05_lr0.0005_B1024_td_beta0_s0,td,0.0,0.05,0.0005,1024,0,15000,0.21058624238969043,nan,nan,0.14391063391062572,6600,nan,nan,107.95947813987732
sig0.05_lr0.0005_B1024_td_beta0_s1,td,0.0,0.05,0.0005,1024,1,15000,0.22749454220182394,nan,nan,0.09804019305873503,8050,nan,nan,113.84075736999512
sig0.05_lr0.0005_B1024_beta_dtd_beta0.1_s0,beta_dtd,0.1,0.05,0.0005,1024,0,15000,0.3484285287827912,nan,nan,0.17122687385734056,7950,nan,nan,164.2151141166687
sig0.05_lr0.0005_B1024_beta_dtd_beta0.25_s0,beta_dtd,0.25,0.05,0.0005,1024,0,15000,0.3264585770567007,nan,nan,0.1055564567900323,8300,nan,nan,171.4528365135193
sig0.05_lr0.0005_B1024_beta_dtd_beta0.5_s0,beta_dtd,0.5,0.05,0.0005,1024,0,15000,0.1737299692019482,nan,nan,0.12010626241905141,9450,nan,nan,172.6643009185791
sig0.05_lr0.0005_B1024_beta_dtd_beta0.75_s0,beta_dtd,0.75,0.05,0.0005,1024,0,15000,0.12822407324614793,nan,nan,0.07967867956921125,14650,nan,nan,173.3060269355774
sig0.05_lr0.0005_B1024_beta_dtd_beta0.1_s1,beta_dtd,0.1,0.05,0.0005,1024,1,15000,0.18332971354393407,nan,nan,0.08358727047946331,11400,nan,nan,173.16223764419556
sig0.05_lr0.0005_B1024_beta_dtd_beta0.25_s1,beta_dtd,0.25,0.05,0.0005,1024,1,15000,0.2421520344109667,nan,nan,0.11080342978662593,7800,nan,nan,176.19204783439636
sig0.05_lr0.0005_B1024_td_beta0_s2,td,0.0,0.05,0.0005,1024,2,15000,0.19892707825480813,nan,nan,0.08857429558617384,11500,nan,nan,115.75383377075195
sig0.05_lr0.0005_B1024_beta_dtd_beta0.5_s1,beta_dtd,0.5,0.05,0.0005,1024,1,15000,0.29512523257876344,nan,nan,0.1355817057167878,7750,nan,nan,174.8498363494873
sig0.05_lr0.0005_B1024_beta_dtd_beta0.75_s1,beta_dtd,0.75,0.05,0.0005,1024,1,15000,0.14009927427587474,nan,nan,0.09865607930614921,14600,nan,nan,176.87262511253357
sig0.05_lr0.0005_B1024_beta_dtd_beta0.25_s2,beta_dtd,0.25,0.05,0.0005,1024,2,15000,0.21100461320124905,nan,nan,0.09166529715205592,7850,nan,nan,177.10979628562927
sig0.05_lr0.0005_B1024_beta_dtd_beta0.1_s2,beta_dtd,0.1,0.05,0.0005,1024,2,15000,0.2869148912308306,nan,nan,0.07956526903245523,10600,nan,nan,179.60307240486145
sig0.05_lr0.0005_B1024_beta_dtd_beta0.5_s2,beta_dtd,0.5,0.05,0.0005,1024,2,15000,0.14009218300378767,nan,nan,0.118125483925665,8600,nan,nan,185.13491797447205
sig0.05_lr0.0005_B1024_beta_dtd_beta0.75_s2,beta_dtd,0.75,0.05,0.0005,1024,2,15000,0.09604086345681949,nan,nan,0.06857134910252219,13000,nan,nan,191.79332089424133
sig0.05_lr0.0005_B4096_td_beta0_s0,td,0.0,0.05,0.0005,4096,0,15000,0.3722533979379604,nan,nan,0.19145159113489388,14750,nan,nan,341.66067814826965
sig0.05_lr0.0005_B4096_td_beta0_s1,td,0.0,0.05,0.0005,4096,1,15000,0.237521745860901,nan,nan,0.12653018974294825,7450,nan,nan,348.590416431427
sig0.05_lr0.0005_B4096_beta_dtd_beta0.1_s0,beta_dtd,0.1,0.05,0.0005,4096,0,15000,0.33506075203723246,nan,nan,0.1220945534401387,5950,nan,nan,583.0768656730652
sig0.05_lr0.0005_B4096_beta_dtd_beta0.25_s0,beta_dtd,0.25,0.05,0.0005,4096,0,15000,0.2528779750962108,nan,nan,0.1448806049460085,14750,nan,nan,586.6008386611938
sig0.05_lr0.0005_B4096_beta_dtd_beta0.5_s0,beta_dtd,0.5,0.05,0.0005,4096,0,15000,0.209875019218995,nan,nan,0.09682233810534845,12200,nan,nan,595.5813271999359
sig0.05_lr0.0005_B4096_beta_dtd_beta0.75_s0,beta_dtd,0.75,0.05,0.0005,4096,0,15000,0.11079646855121357,nan,nan,0.08504433605216645,14600,nan,nan,594.3421285152435
sig0.05_lr0.0005_B4096_beta_dtd_beta0.1_s1,beta_dtd,0.1,0.05,0.0005,4096,1,15000,0.3160138837631251,nan,nan,0.11818101672501266,7800,nan,nan,601.3380749225616
sig0.05_lr0.0005_B4096_beta_dtd_beta0.25_s1,beta_dtd,0.25,0.05,0.0005,4096,1,15000,0.2904288551706459,nan,nan,0.11733907243771725,7550,nan,nan,597.5818085670471
sig0.05_lr0.0005_B4096_td_beta0_s2,td,0.0,0.05,0.0005,4096,2,15000,0.18508232728388163,nan,nan,0.0896848374163697,8600,nan,nan,348.4527015686035
sig0.05_lr0.002_B256_td_beta0_s0,td,0.0,0.05,0.002,256,0,15000,0.41488310055734723,nan,nan,0.174867258713177,9500,nan,nan,76.13251328468323
sig0.05_lr0.0005_B4096_beta_dtd_beta0.5_s1,beta_dtd,0.5,0.05,0.0005,4096,1,15000,0.18299375702458423,nan,nan,0.14954866412964657,7500,nan,nan,588.7335391044617
sig0.05_lr0.002_B256_beta_dtd_beta0.1_s0,beta_dtd,0.1,0.05,0.002,256,0,15000,0.7358953372008012,nan,nan,0.20356099760409124,7850,nan,nan,103.1838116645813
sig0.05_lr0.0005_B4096_beta_dtd_beta0.75_s1,beta_dtd,0.75,0.05,0.0005,4096,1,15000,0.11500805457698493,nan,nan,0.10027098458852662,14100,nan,nan,580.4677324295044
sig0.05_lr0.002_B256_beta_dtd_beta0.25_s0,beta_dtd,0.25,0.05,0.002,256,0,15000,0.3603792529993294,nan,nan,0.21088422551073643,8450,nan,nan,102.27053165435791
sig0.05_lr0.0005_B4096_beta_dtd_beta0.25_s2,beta_dtd,0.25,0.05,0.0005,4096,2,15000,0.18155335135794454,nan,nan,0.10533424077176157,12850,nan,nan,572.2989854812622
sig0.05_lr0.0005_B4096_beta_dtd_beta0.1_s2,beta_dtd,0.1,0.05,0.0005,4096,2,15000,0.2122978872142528,nan,nan,0.12965762168255776,10050,nan,nan,573.1242942810059
sig0.05_lr0.002_B256_td_beta0_s1,td,0.0,0.05,0.002,256,1,15000,0.504090384520577,nan,nan,0.18536922565088676,4700,nan,nan,69.22964024543762
sig0.05_lr0.002_B256_beta_dtd_beta0.5_s0,beta_dtd,0.5,0.05,0.002,256,0,15000,0.2690323510538751,nan,nan,0.16768914578396318,2250,nan,nan,95.0361738204956
sig0.05_lr0.002_B256_beta_dtd_beta0.75_s0,beta_dtd,0.75,0.05,0.002,256,0,15000,0.26069159506424544,nan,nan,0.12024379162242499,8500,nan,nan,94.37789916992188
sig0.05_lr0.002_B256_beta_dtd_beta0.1_s1,beta_dtd,0.1,0.05,0.002,256,1,15000,0.3856999452544496,nan,nan,0.2217568423324287,7750,nan,nan,84.7282440662384
sig0.05_lr0.002_B256_beta_dtd_beta0.25_s1,beta_dtd,0.25,0.05,0.002,256,1,15000,0.46618144651595955,nan,nan,0.20336927048817793,11950,nan,nan,85.67179846763611
sig0.05_lr0.002_B256_td_beta0_s2,td,0.0,0.05,0.002,256,2,15000,0.4699734924755157,nan,nan,0.22778859701626056,5350,nan,nan,61.722790241241455
sig0.05_lr0.0005_B4096_beta_dtd_beta0.5_s2,beta_dtd,0.5,0.05,0.0005,4096,2,15000,0.13745638022962728,nan,nan,0.11709815927098675,7450,nan,nan,552.5763969421387
sig0.05_lr0.002_B256_beta_dtd_beta0.5_s1,beta_dtd,0.5,0.05,0.002,256,1,15000,0.5682165114293147,nan,nan,0.13998346195079678,3750,nan,nan,87.49201893806458
sig0.05_lr0.002_B256_beta_dtd_beta0.75_s1,beta_dtd,0.75,0.05,0.002,256,1,15000,0.28357721214416903,nan,nan,0.13940931055037087,4700,nan,nan,85.91862559318542
sig0.05_lr0.002_B256_beta_dtd_beta0.1_s2,beta_dtd,0.1,0.05,0.002,256,2,15000,0.2580468028051436,nan,nan,0.17021617646466378,8800,nan,nan,83.69034218788147
sig0.05_lr0.002_B256_beta_dtd_beta0.25_s2,beta_dtd,0.25,0.05,0.002,256,2,15000,0.41123829961673103,nan,nan,0.2416628686799763,9600,nan,nan,84.36291360855103
sig0.05_lr0.002_B256_beta_dtd_beta0.5_s2,beta_dtd,0.5,0.05,0.002,256,2,15000,0.2845239540808298,nan,nan,0.14925926057772348,6500,nan,nan,85.99396705627441
sig0.05_lr0.002_B256_beta_dtd_beta0.75_s2,beta_dtd,0.75,0.05,0.002,256,2,15000,0.20560884386836278,nan,nan,0.09420314049306909,4250,nan,nan,84.62604856491089
sig0.05_lr0.002_B1024_td_beta0_s0,td,0.0,0.05,0.002,1024,0,15000,0.6588967579890416,nan,nan,0.19634254908354531,9850,nan,nan,111.43190550804138
sig0.05_lr0.0005_B4096_beta_dtd_beta0.75_s2,beta_dtd,0.75,0.05,0.0005,4096,2,15000,0.08377807944251764,nan,nan,0.06438265581291745,14850,nan,nan,533.7642176151276
sig0.05_lr0.002_B1024_beta_dtd_beta0.1_s0,beta_dtd,0.1,0.05,0.002,1024,0,15000,0.6172845218591673,nan,nan,0.2712887138765159,1350,nan,nan,169.98638081550598
sig0.05_lr0.002_B1024_td_beta0_s1,td,0.0,0.05,0.002,1024,1,15000,0.4855615157200602,nan,nan,0.17174302154873236,5550,nan,nan,116.03294777870178
sig0.05_lr0.002_B1024_beta_dtd_beta0.25_s0,beta_dtd,0.25,0.05,0.002,1024,0,15000,0.5356292032916438,nan,nan,0.2218461486170855,1950,nan,nan,174.32957243919373
sig0.05_lr0.002_B1024_beta_dtd_beta0.5_s0,beta_dtd,0.5,0.05,0.002,1024,0,15000,0.5248336439956236,nan,nan,0.20911102133821444,2500,nan,nan,175.8671314716339
sig0.05_lr0.002_B1024_beta_dtd_beta0.75_s0,beta_dtd,0.75,0.05,0.002,1024,0,15000,0.37930002880285124,nan,nan,0.09026767371851298,4200,nan,nan,174.96271586418152
sig0.05_lr0.002_B1024_beta_dtd_beta0.1_s1,beta_dtd,0.1,0.05,0.002,1024,1,15000,1.127921078112504,nan,nan,0.19811587741447592,1800,nan,nan,171.93004727363586
sig0.05_lr0.002_B1024_beta_dtd_beta0.25_s1,beta_dtd,0.25,0.05,0.002,1024,1,15000,0.9367988988789986,nan,nan,0.1923995651738056,7050,nan,nan,168.6913788318634
sig0.05_lr0.002_B1024_beta_dtd_beta0.5_s1,beta_dtd,0.5,0.05,0.002,1024,1,15000,0.3789508274351337,nan,nan,0.177830081391614,2600,nan,nan,167.96711444854736
sig0.05_lr0.002_B1024_td_beta0_s2,td,0.0,0.05,0.002,1024,2,15000,0.4715750792681363,nan,nan,0.22049804626954309,6100,nan,nan,113.07623314857483
sig0.05_lr0.002_B1024_beta_dtd_beta0.75_s1,beta_dtd,0.75,0.05,0.002,1024,1,15000,0.3753430858370511,nan,nan,0.10378969826756258,5100,nan,nan,168.71366095542908
sig0.05_lr0.002_B1024_beta_dtd_beta0.1_s2,beta_dtd,0.1,0.05,0.002,1024,2,15000,0.3026916472395805,nan,nan,0.18699882542334206,14250,nan,nan,174.24084281921387
sig0.05_lr0.002_B1024_beta_dtd_beta0.25_s2,beta_dtd,0.25,0.05,0.002,1024,2,15000,0.30914875750889614,nan,nan,0.15982053891788947,6000,nan,nan,172.76862978935242
sig0.05_lr0.002_B1024_beta_dtd_beta0.5_s2,beta_dtd,0.5,0.05,0.002,1024,2,15000,0.33239559504592037,nan,nan,0.15341702278676025,1950,nan,nan,179.40185403823853
sig0.05_lr0.002_B1024_beta_dtd_beta0.75_s2,beta_dtd,0.75,0.05,0.002,1024,2,15000,0.31506616408833443,nan,nan,0.10635329250837566,10800,nan,nan,186.29149556159973
sig0.05_lr0.002_B4096_td_beta0_s0,td,0.0,0.05,0.002,4096,0,15000,0.8380000461882459,nan,nan,0.17235242086384792,1400,nan,nan,338.6542148590088
sig0.05_lr0.002_B4096_td_beta0_s1,td,0.0,0.05,0.002,4096,1,15000,0.531623803045865,nan,nan,0.22311690275312535,1750,nan,nan,349.04169154167175
sig0.05_lr0.002_B4096_beta_dtd_beta0.1_s0,beta_dtd,0.1,0.05,0.002,4096,0,15000,0.6778942902064539,nan,nan,0.16168795491728458,9500,nan,nan,585.4180727005005
sig0.05_lr0.002_B4096_beta_dtd_beta0.25_s0,beta_dtd,0.25,0.05,0.002,4096,0,15000,0.4985936941080945,nan,nan,0.14273275884416908,2100,nan,nan,587.6357333660126
sig0.05_lr0.002_B4096_beta_dtd_beta0.5_s0,beta_dtd,0.5,0.05,0.002,4096,0,15000,0.34571403234189196,nan,nan,0.1627165138627147,3350,nan,nan,593.4346203804016
sig0.05_lr0.002_B4096_beta_dtd_beta0.75_s0,beta_dtd,0.75,0.05,0.002,4096,0,15000,0.3686615492222221,nan,nan,0.07757747758605871,4150,nan,nan,596.4564757347107
sig0.05_lr0.002_B4096_beta_dtd_beta0.1_s1,beta_dtd,0.1,0.05,0.002,4096,1,15000,0.6283786639026577,nan,nan,0.2353277662040622,4200,nan,nan,597.6590614318848
sig0.05_lr0.002_B4096_beta_dtd_beta0.25_s1,beta_dtd,0.25,0.05,0.002,4096,1,15000,0.9821959332223009,nan,nan,0.200524695534184,2150,nan,nan,598.1475555896759
sig0.05_lr0.002_B4096_td_beta0_s2,td,0.0,0.05,0.002,4096,2,15000,0.7077908062710278,nan,nan,0.2302678652758446,2050,nan,nan,357.30268263816833
sig0.05_lr0.005_B256_td_beta0_s0,td,0.0,0.05,0.005,256,0,15000,8.272070894511387,nan,nan,0.3016966587975593,5850,nan,nan,79.0643699169159
sig0.05_lr0.002_B4096_beta_dtd_beta0.5_s1,beta_dtd,0.5,0.05,0.002,4096,1,15000,0.7533409923611654,nan,nan,0.20176107463277312,2250,nan,nan,598.1561760902405
sig0.05_lr0.005_B256_beta_dtd_beta0.1_s0,beta_dtd,0.1,0.05,0.005,256,0,15000,4.293068396266706,nan,nan,0.28511150070762903,2600,nan,nan,105.32965087890625
sig0.05_lr0.005_B256_beta_dtd_beta0.25_s0,beta_dtd,0.25,0.05,0.005,256,0,15000,3.1663964419556736,nan,nan,0.3047810021637131,1700,nan,nan,104.19465112686157
sig0.05_lr0.002_B4096_beta_dtd_beta0.75_s1,beta_dtd,0.75,0.05,0.002,4096,1,15000,0.43696322965515966,nan,nan,0.1168981671157524,4050,nan,nan,585.8307166099548
sig0.05_lr0.005_B256_beta_dtd_beta0.5_s0,beta_dtd,0.5,0.05,0.005,256,0,15000,1.2350448059166952,nan,nan,0.23077558066286322,1200,nan,nan,99.32023477554321
sig0.05_lr0.002_B4096_beta_dtd_beta0.1_s2,beta_dtd,0.1,0.05,0.002,4096,2,15000,0.44928374894105433,nan,nan,0.19351320866936075,9800,nan,nan,581.9092562198639
sig0.05_lr0.005_B256_td_beta0_s1,td,0.0,0.05,0.005,256,1,15000,8.304635405129327,nan,nan,0.29840194815428533,2050,nan,nan,70.57189965248108
sig0.05_lr0.002_B4096_beta_dtd_beta0.25_s2,beta_dtd,0.25,0.05,0.002,4096,2,15000,0.5597170624864765,nan,nan,0.1580274269825175,9800,nan,nan,582.2285873889923
sig0.05_lr0.005_B256_beta_dtd_beta0.75_s0,beta_dtd,0.75,0.05,0.005,256,0,15000,1.3546397726647614,nan,nan,0.1397681734268451,2400,nan,nan,98.46318817138672
sig0.05_lr0.002_B4096_beta_dtd_beta0.5_s2,beta_dtd,0.5,0.05,0.002,4096,2,15000,0.3178901636058146,nan,nan,0.17233846343748077,2350,nan,nan,566.4828817844391
sig0.05_lr0.005_B256_td_beta0_s2,td,0.0,0.05,0.005,256,2,15000,6.893928919051789,nan,nan,0.26267807864106124,4250,nan,nan,61.49107050895691
sig0.05_lr0.005_B256_beta_dtd_beta0.1_s1,beta_dtd,0.1,0.05,0.005,256,1,15000,4.308001994543559,nan,nan,0.3258058411050252,4950,nan,nan,86.833984375
sig0.05_lr0.005_B256_beta_dtd_beta0.25_s1,beta_dtd,0.25,0.05,0.005,256,1,15000,4.393486299071798,nan,nan,0.28230779908443454,2550,nan,nan,87.79625201225281
sig0.05_lr0.005_B256_beta_dtd_beta0.5_s1,beta_dtd,0.5,0.05,0.005,256,1,15000,1.1812875259943252,nan,nan,0.15871609141908158,1200,nan,nan,87.43993210792542
sig0.05_lr0.005_B256_beta_dtd_beta0.75_s1,beta_dtd,0.75,0.05,0.005,256,1,15000,0.7115714288844412,nan,nan,0.15998949968028936,3600,nan,nan,85.51517724990845
sig0.05_lr0.005_B256_beta_dtd_beta0.1_s2,beta_dtd,0.1,0.05,0.005,256,2,15000,6.053627604516194,nan,nan,0.30248463027135436,5150,nan,nan,84.62974452972412
sig0.05_lr0.005_B256_beta_dtd_beta0.25_s2,beta_dtd,0.25,0.05,0.005,256,2,15000,2.1144017311260055,nan,nan,0.2790098402476611,2400,nan,nan,86.24445962905884
sig0.05_lr0.005_B256_beta_dtd_beta0.5_s2,beta_dtd,0.5,0.05,0.005,256,2,15000,0.9876038587193573,nan,nan,0.22939562121618018,1150,nan,nan,86.87740564346313
sig0.05_lr0.005_B256_beta_dtd_beta0.75_s2,beta_dtd,0.75,0.05,0.005,256,2,15000,0.5181265523379041,nan,nan,0.14890461650783457,2450,nan,nan,88.07474994659424
sig0.05_lr0.005_B1024_td_beta0_s0,td,0.0,0.05,0.005,1024,0,15000,5.926786296524168,nan,nan,0.20398837877693227,3200,nan,nan,110.13442349433899
sig0.05_lr0.002_B4096_beta_dtd_beta0.75_s2,beta_dtd,0.75,0.05,0.002,4096,2,15000,0.33530181839778583,nan,nan,0.12461361645641415,3900,nan,nan,537.8619287014008
sig0.05_lr0.005_B1024_beta_dtd_beta0.1_s0,beta_dtd,0.1,0.05,0.005,1024,0,15000,5.007041647136626,nan,nan,0.16311236147203442,2800,nan,nan,167.9052631855011
sig0.05_lr0.005_B1024_td_beta0_s1,td,0.0,0.05,0.005,1024,1,15000,6.0994222987983555,nan,nan,0.28509255931641525,800,nan,nan,115.61571741104126
sig0.05_lr0.005_B1024_beta_dtd_beta0.25_s0,beta_dtd,0.25,0.05,0.005,1024,0,15000,6.735728584893326,nan,nan,0.2225604982187543,1800,nan,nan,175.00268650054932
sig0.05_lr0.005_B1024_beta_dtd_beta0.5_s0,beta_dtd,0.5,0.05,0.005,1024,0,15000,4.952561489565168,nan,nan,0.15012298849155162,5450,nan,nan,176.77106475830078
sig0.05_lr0.005_B1024_beta_dtd_beta0.75_s0,beta_dtd,0.75,0.05,0.005,1024,0,15000,0.3425321081585371,nan,nan,0.13922656643179415,2600,nan,nan,176.7673623561859
sig0.05_lr0.005_B1024_beta_dtd_beta0.1_s1,beta_dtd,0.1,0.05,0.005,1024,1,15000,4.7578642332308085,nan,nan,0.236773311765168,2700,nan,nan,177.91317129135132
sig0.05_lr0.005_B1024_beta_dtd_beta0.25_s1,beta_dtd,0.25,0.05,0.005,1024,1,15000,6.722750281681689,nan,nan,0.25764591405753023,3750,nan,nan,177.2525599002838
sig0.05_lr0.005_B1024_beta_dtd_beta0.5_s1,beta_dtd,0.5,0.05,0.005,1024,1,15000,1.2122175249542289,nan,nan,0.2825924092431638,2250,nan,nan,177.71164727210999
sig0.05_lr0.005_B1024_td_beta0_s2,td,0.0,0.05,0.005,1024,2,15000,6.72617325021687,nan,nan,0.296434446848891,3650,nan,nan,115.52260208129883
sig0.05_lr0.005_B1024_beta_dtd_beta0.75_s1,beta_dtd,0.75,0.05,0.005,1024,1,15000,0.6090046611510811,nan,nan,0.15493251537502828,1550,nan,nan,180.282399892807
sig0.05_lr0.005_B1024_beta_dtd_beta0.1_s2,beta_dtd,0.1,0.05,0.005,1024,2,15000,1.55106064279987,nan,nan,0.2848882877057001,1900,nan,nan,184.97912859916687
sig0.05_lr0.005_B1024_beta_dtd_beta0.25_s2,beta_dtd,0.25,0.05,0.005,1024,2,15000,2.8385174050083344,nan,nan,0.2729280017869368,1650,nan,nan,185.30161905288696
sig0.05_lr0.005_B1024_beta_dtd_beta0.5_s2,beta_dtd,0.5,0.05,0.005,1024,2,15000,0.5160526173053199,nan,nan,0.20774399088630957,4450,nan,nan,189.61636924743652
sig0.05_lr0.005_B1024_beta_dtd_beta0.75_s2,beta_dtd,0.75,0.05,0.005,1024,2,15000,1.0892913240997668,nan,nan,0.1460704489593324,1600,nan,nan,195.29872155189514
sig0.05_lr0.005_B4096_td_beta0_s0,td,0.0,0.05,0.005,4096,0,15000,5.882068727172971,nan,nan,0.22877640317559964,2200,nan,nan,344.07086515426636
sig0.05_lr0.005_B4096_td_beta0_s1,td,0.0,0.05,0.005,4096,1,15000,3.236128597868688,nan,nan,0.2115964029216248,2400,nan,nan,345.280797958374
sig0.05_lr0.005_B4096_beta_dtd_beta0.1_s0,beta_dtd,0.1,0.05,0.005,4096,0,15000,2.2850677645581126,nan,nan,0.17560415341159263,2650,nan,nan,588.1542513370514
sig0.05_lr0.005_B4096_beta_dtd_beta0.25_s0,beta_dtd,0.25,0.05,0.005,4096,0,15000,4.675330328842419,nan,nan,0.16576104329343486,2250,nan,nan,592.9523434638977
sig0.05_lr0.005_B4096_beta_dtd_beta0.5_s0,beta_dtd,0.5,0.05,0.005,4096,0,15000,0.879383037416708,nan,nan,0.20161297977603038,1750,nan,nan,609.2264144420624
sig0.05_lr0.005_B4096_beta_dtd_beta0.75_s0,beta_dtd,0.75,0.05,0.005,4096,0,15000,0.5098958322315659,nan,nan,0.12524272742689935,2600,nan,nan,608.7073488235474
sig0.05_lr0.005_B4096_beta_dtd_beta0.1_s1,beta_dtd,0.1,0.05,0.005,4096,1,15000,4.470315893885854,nan,nan,0.2328025118134273,850,nan,nan,610.3296661376953
sig0.05_lr0.005_B4096_beta_dtd_beta0.25_s1,beta_dtd,0.25,0.05,0.005,4096,1,15000,4.919481514731381,nan,nan,0.20449918312194168,3550,nan,nan,610.1746783256531
sig0.05_lr0.005_B4096_td_beta0_s2,td,0.0,0.05,0.005,4096,2,15000,6.328312705911756,nan,nan,0.17420197803402462,2700,nan,nan,369.13178539276123
sig0.2_lr0.0005_B256_td_beta0_s0,td,0.0,0.2,0.0005,256,0,15000,0.16582813964132784,nan,nan,0.1345284726360451,12950,nan,nan,177.0966510772705
sig0.05_lr0.005_B4096_beta_dtd_beta0.5_s1,beta_dtd,0.5,0.05,0.005,4096,1,15000,6.076002335837128,nan,nan,0.214755089662645,1400,nan,nan,702.948822259903
sig0.05_lr0.005_B4096_beta_dtd_beta0.75_s1,beta_dtd,0.75,0.05,0.005,4096,1,15000,0.8524398210377477,nan,nan,0.15005107446746901,3700,nan,nan,814.579222202301
sig0.2_lr0.0005_B256_beta_dtd_beta0.1_s0,beta_dtd,0.1,0.2,0.0005,256,0,15000,0.14859825496786758,nan,nan,0.10063024190011466,14150,nan,nan,242.36513805389404
sig0.2_lr0.0005_B256_beta_dtd_beta0.25_s0,beta_dtd,0.25,0.2,0.0005,256,0,15000,0.1659034077809971,nan,nan,0.10531088406219212,14550,nan,nan,242.27675080299377
sig0.05_lr0.005_B4096_beta_dtd_beta0.1_s2,beta_dtd,0.1,0.05,0.005,4096,2,15000,2.7317626896642,nan,nan,0.16270220496855803,2550,nan,nan,867.961300611496
sig0.05_lr0.005_B4096_beta_dtd_beta0.25_s2,beta_dtd,0.25,0.05,0.005,4096,2,15000,4.2357741881698265,nan,nan,0.24266074672091004,1000,nan,nan,872.68386054039
sig0.2_lr0.0005_B256_td_beta0_s1,td,0.0,0.2,0.0005,256,1,15000,0.24294969607368813,nan,nan,0.08893703221709202,13550,nan,nan,164.12515449523926
sig0.2_lr0.0005_B256_beta_dtd_beta0.5_s0,beta_dtd,0.5,0.2,0.0005,256,0,15000,0.21461944167341965,nan,nan,0.14081752796029207,13700,nan,nan,215.55784487724304
sig0.2_lr0.0005_B256_beta_dtd_beta0.75_s0,beta_dtd,0.75,0.2,0.0005,256,0,15000,0.4311045025358768,nan,nan,0.29483173545559715,13700,nan,nan,213.84627103805542
sig0.05_lr0.005_B4096_beta_dtd_beta0.5_s2,beta_dtd,0.5,0.05,0.005,4096,2,15000,0.6948922341038507,nan,nan,0.18130242140442313,4600,nan,nan,915.3923411369324
sig0.2_lr0.0005_B256_beta_dtd_beta0.1_s1,beta_dtd,0.1,0.2,0.0005,256,1,15000,0.25555202993633724,nan,nan,0.1228655363760339,13100,nan,nan,186.12682557106018
sig0.2_lr0.0005_B256_beta_dtd_beta0.25_s1,beta_dtd,0.25,0.2,0.0005,256,1,15000,0.2553083428070537,nan,nan,0.10406644172930543,7850,nan,nan,184.83499765396118
sig0.2_lr0.0005_B256_td_beta0_s2,td,0.0,0.2,0.0005,256,2,15000,0.17040316094928662,nan,nan,0.11997814119990821,14000,nan,nan,136.08473324775696
sig0.2_lr0.0005_B256_beta_dtd_beta0.5_s1,beta_dtd,0.5,0.2,0.0005,256,1,15000,0.2638222202680384,nan,nan,0.11859497238927144,14450,nan,nan,184.52808952331543
sig0.2_lr0.0005_B256_beta_dtd_beta0.75_s1,beta_dtd,0.75,0.2,0.0005,256,1,15000,0.4415891118349654,nan,nan,0.2646563199449782,12450,nan,nan,183.69020318984985
sig0.2_lr0.0005_B256_beta_dtd_beta0.1_s2,beta_dtd,0.1,0.2,0.0005,256,2,15000,0.22193205278181535,nan,nan,0.09306509658283682,14000,nan,nan,181.06488943099976
sig0.2_lr0.0005_B256_beta_dtd_beta0.25_s2,beta_dtd,0.25,0.2,0.0005,256,2,15000,0.16267965545373886,nan,nan,0.08929626884099741,14000,nan,nan,187.23330688476562
sig0.2_lr0.0005_B256_beta_dtd_beta0.5_s2,beta_dtd,0.5,0.2,0.0005,256,2,15000,0.18149193312765377,nan,nan,0.14322738228238627,14950,nan,nan,190.80708122253418
sig0.2_lr0.0005_B256_beta_dtd_beta0.75_s2,beta_dtd,0.75,0.2,0.0005,256,2,15000,0.2913822882620441,nan,nan,0.2854236383436942,10550,nan,nan,191.97079586982727
sig0.05_lr0.005_B4096_beta_dtd_beta0.75_s2,beta_dtd,0.75,0.05,0.005,4096,2,15000,0.4708622235189292,nan,nan,0.1324144908155742,1650,nan,nan,1041.043424129486
sig0.2_lr0.0005_B1024_td_beta0_s0,td,0.0,0.2,0.0005,1024,0,15000,0.15755780832043056,nan,nan,0.12045378119938857,12500,nan,nan,241.32604551315308
sig0.2_lr0.0005_B1024_beta_dtd_beta0.1_s0,beta_dtd,0.1,0.2,0.0005,1024,0,15000,0.18998275814732102,nan,nan,0.13109111685302172,12500,nan,nan,360.2445628643036
sig0.2_lr0.0005_B1024_td_beta0_s1,td,0.0,0.2,0.0005,1024,1,15000,0.2554609199084681,nan,nan,0.11153260121140755,12550,nan,nan,244.67940068244934
sig0.2_lr0.0005_B1024_beta_dtd_beta0.25_s0,beta_dtd,0.25,0.2,0.0005,1024,0,15000,0.2003852194170887,nan,nan,0.11986969121912487,6850,nan,nan,363.1779968738556
sig0.2_lr0.0005_B1024_beta_dtd_beta0.5_s0,beta_dtd,0.5,0.2,0.0005,1024,0,15000,0.1900096154822084,nan,nan,0.11749309510803438,14650,nan,nan,366.60990142822266
sig0.2_lr0.0005_B1024_beta_dtd_beta0.75_s0,beta_dtd,0.75,0.2,0.0005,1024,0,15000,0.3890922682937168,nan,nan,0.3026776034290125,9600,nan,nan,364.4370310306549
sig0.2_lr0.0005_B1024_beta_dtd_beta0.1_s1,beta_dtd,0.1,0.2,0.0005,1024,1,15000,0.20227038026121125,nan,nan,0.07670520418990125,10300,nan,nan,362.21772599220276
sig0.2_lr0.0005_B1024_beta_dtd_beta0.25_s1,beta_dtd,0.25,0.2,0.0005,1024,1,15000,0.1870492109101149,nan,nan,0.09202602585977802,13350,nan,nan,361.52816796302795
sig0.2_lr0.0005_B1024_td_beta0_s2,td,0.0,0.2,0.0005,1024,2,15000,0.17154605991509428,nan,nan,0.10149534754699766,14800,nan,nan,246.2484118938446
sig0.2_lr0.0005_B1024_beta_dtd_beta0.5_s1,beta_dtd,0.5,0.2,0.0005,1024,1,15000,0.1994386284152466,nan,nan,0.13769064177072723,8400,nan,nan,366.71316957473755
sig0.2_lr0.0005_B1024_beta_dtd_beta0.75_s1,beta_dtd,0.75,0.2,0.0005,1024,1,15000,0.32692217370055654,nan,nan,0.3015749000298395,9950,nan,nan,367.8330101966858
sig0.2_lr0.0005_B1024_beta_dtd_beta0.1_s2,beta_dtd,0.1,0.2,0.0005,1024,2,15000,0.1598099642127156,nan,nan,0.09122953087956741,11150,nan,nan,378.2492256164551
sig0.2_lr0.0005_B1024_beta_dtd_beta0.25_s2,beta_dtd,0.25,0.2,0.0005,1024,2,15000,0.10683851240363369,nan,nan,0.10394030375581137,8800,nan,nan,379.8315751552582
sig0.2_lr0.0005_B1024_beta_dtd_beta0.5_s2,beta_dtd,0.5,0.2,0.0005,1024,2,15000,0.1614148841255997,nan,nan,0.1240599647812149,13750,nan,nan,390.78702449798584
sig0.2_lr0.0005_B1024_beta_dtd_beta0.75_s2,beta_dtd,0.75,0.2,0.0005,1024,2,15000,0.3791096516511288,nan,nan,0.3099829423089905,13800,nan,nan,397.4303448200226
sig0.2_lr0.0005_B4096_td_beta0_s0,td,0.0,0.2,0.0005,4096,0,15000,0.15011400015525217,nan,nan,0.13551792599646026,10000,nan,nan,721.7405905723572
sig0.2_lr0.0005_B4096_td_beta0_s1,td,0.0,0.2,0.0005,4096,1,15000,0.4005205431157151,nan,nan,0.1268090687372147,7850,nan,nan,735.9034423828125
sig0.2_lr0.0005_B4096_beta_dtd_beta0.1_s0,beta_dtd,0.1,0.2,0.0005,4096,0,15000,0.20507874324950037,nan,nan,0.15959394775820487,13100,nan,nan,1216.3751447200775
sig0.2_lr0.0005_B4096_beta_dtd_beta0.25_s0,beta_dtd,0.25,0.2,0.0005,4096,0,15000,0.18308276516357544,nan,nan,0.12215033381240054,10300,nan,nan,1217.790235042572
sig0.2_lr0.0005_B4096_beta_dtd_beta0.5_s0,beta_dtd,0.5,0.2,0.0005,4096,0,15000,0.18728577893333553,nan,nan,0.13827324459499177,14050,nan,nan,1235.6520099639893
sig0.2_lr0.0005_B4096_beta_dtd_beta0.75_s0,beta_dtd,0.75,0.2,0.0005,4096,0,15000,0.3519876387503754,nan,nan,0.3172215633955452,11000,nan,nan,1241.5279924869537
sig0.2_lr0.0005_B4096_beta_dtd_beta0.1_s1,beta_dtd,0.1,0.2,0.0005,4096,1,15000,0.29778597596699363,nan,nan,0.10835969024009609,7850,nan,nan,1238.3473544120789
sig0.2_lr0.0005_B4096_beta_dtd_beta0.25_s1,beta_dtd,0.25,0.2,0.0005,4096,1,15000,0.22556709365669647,nan,nan,0.1111251946164767,10550,nan,nan,1251.9174683094025
sig0.2_lr0.0005_B4096_td_beta0_s2,td,0.0,0.2,0.0005,4096,2,15000,0.24633245466191928,nan,nan,0.10410935029843182,14550,nan,nan,770.075644493103
sig0.2_lr0.002_B256_td_beta0_s0,td,0.0,0.2,0.002,256,0,15000,0.44639660724879493,nan,nan,0.2232246546810015,8250,nan,nan,192.34491753578186
sig0.2_lr0.0005_B4096_beta_dtd_beta0.5_s1,beta_dtd,0.5,0.2,0.0005,4096,1,15000,0.22057788633509195,nan,nan,0.14830094800926685,12150,nan,nan,1266.3583989143372
sig0.2_lr0.0005_B4096_beta_dtd_beta0.75_s1,beta_dtd,0.75,0.2,0.0005,4096,1,15000,0.34782993763423625,nan,nan,0.27921297500345826,11150,nan,nan,1253.069568157196
sig0.2_lr0.002_B256_beta_dtd_beta0.1_s0,beta_dtd,0.1,0.2,0.002,256,0,15000,0.6733486623100988,nan,nan,0.21423738637603515,8200,nan,nan,250.51248836517334
sig0.2_lr0.002_B256_beta_dtd_beta0.25_s0,beta_dtd,0.25,0.2,0.002,256,0,15000,0.8301805845932375,nan,nan,0.18900725614232633,6550,nan,nan,250.7287893295288
sig0.2_lr0.0005_B4096_beta_dtd_beta0.1_s2,beta_dtd,0.1,0.2,0.0005,4096,2,15000,0.21009341490080077,nan,nan,0.11316811656439676,14950,nan,nan,1160.6715240478516
sig0.2_lr0.002_B256_td_beta0_s1,td,0.0,0.2,0.002,256,1,15000,0.9375883847925343,nan,nan,0.17509782928842368,4800,nan,nan,79.40771079063416
sig0.2_lr0.0005_B4096_beta_dtd_beta0.25_s2,beta_dtd,0.25,0.2,0.0005,4096,2,15000,0.15343620437053615,nan,nan,0.10375138582745476,13700,nan,nan,1150.4521188735962
sig0.2_lr0.002_B256_beta_dtd_beta0.75_s0,beta_dtd,0.75,0.2,0.002,256,0,15000,0.3771525687820125,nan,nan,0.25668542858339477,10050,nan,nan,104.53824591636658
sig0.2_lr0.002_B256_beta_dtd_beta0.5_s0,beta_dtd,0.5,0.2,0.002,256,0,15000,0.47301884006243516,nan,nan,0.1693857848236444,10050,nan,nan,105.94111943244934
sig0.2_lr0.0005_B4096_beta_dtd_beta0.5_s2,beta_dtd,0.5,0.2,0.0005,4096,2,15000,0.2276458219377043,nan,nan,0.14297264227188322,11450,nan,nan,1109.3615610599518
sig0.2_lr0.002_B256_beta_dtd_beta0.1_s1,beta_dtd,0.1,0.2,0.002,256,1,15000,0.8623637496205461,nan,nan,0.23721299071031035,3350,nan,nan,89.10781621932983
sig0.2_lr0.002_B256_td_beta0_s2,td,0.0,0.2,0.002,256,2,15000,0.6324032439259993,nan,nan,0.24978915689622228,12200,nan,nan,62.38465642929077
sig0.2_lr0.002_B256_beta_dtd_beta0.25_s1,beta_dtd,0.25,0.2,0.002,256,1,15000,0.6091887836514328,nan,nan,0.21398749380736798,7250,nan,nan,89.09555244445801
sig0.2_lr0.002_B256_beta_dtd_beta0.5_s1,beta_dtd,0.5,0.2,0.002,256,1,15000,0.5573892515638712,nan,nan,0.22503151966229676,9250,nan,nan,86.39316964149475
sig0.2_lr0.002_B256_beta_dtd_beta0.75_s1,beta_dtd,0.75,0.2,0.002,256,1,15000,0.770229135802488,nan,nan,0.22300579999037878,13350,nan,nan,85.42612838745117
sig0.2_lr0.002_B256_beta_dtd_beta0.1_s2,beta_dtd,0.1,0.2,0.002,256,2,15000,0.40329654482878885,nan,nan,0.2543185023858277,1850,nan,nan,85.08400225639343
sig0.2_lr0.002_B256_beta_dtd_beta0.5_s2,beta_dtd,0.5,0.2,0.002,256,2,15000,0.46377270983226965,nan,nan,0.17271384331682718,10550,nan,nan,87.9993577003479
sig0.2_lr0.002_B256_beta_dtd_beta0.25_s2,beta_dtd,0.25,0.2,0.002,256,2,15000,0.48496181810859706,nan,nan,0.1908206893167718,7200,nan,nan,89.34773206710815
sig0.2_lr0.002_B256_beta_dtd_beta0.75_s2,beta_dtd,0.75,0.2,0.002,256,2,15000,0.3709817456764,nan,nan,0.26317100894463263,5350,nan,nan,89.32592988014221
sig0.2_lr0.0005_B4096_beta_dtd_beta0.75_s2,beta_dtd,0.75,0.2,0.0005,4096,2,15000,0.3766092404800396,nan,nan,0.3185499003018976,13000,nan,nan,842.413409948349
sig0.2_lr0.002_B1024_td_beta0_s0,td,0.0,0.2,0.002,1024,0,15000,0.5511856178698583,nan,nan,0.2401937921149844,7550,nan,nan,111.71869325637817
sig0.2_lr0.002_B1024_beta_dtd_beta0.1_s0,beta_dtd,0.1,0.2,0.002,1024,0,15000,0.6687861571475361,nan,nan,0.22825175775521317,1350,nan,nan,172.3914864063263
sig0.2_lr0.002_B1024_beta_dtd_beta0.25_s0,beta_dtd,0.25,0.2,0.002,1024,0,15000,0.7577567696238162,nan,nan,0.22750938540454685,10850,nan,nan,173.4171278476715
sig0.2_lr0.002_B1024_td_beta0_s1,td,0.0,0.2,0.002,1024,1,15000,0.5024048047993805,nan,nan,0.25505688436673346,1450,nan,nan,116.0788300037384
sig0.2_lr0.002_B1024_beta_dtd_beta0.75_s0,beta_dtd,0.75,0.2,0.002,1024,0,15000,0.40117611311624796,nan,nan,0.20777339800856756,14650,nan,nan,174.70536756515503
sig0.2_lr0.002_B1024_beta_dtd_beta0.5_s0,beta_dtd,0.5,0.2,0.002,1024,0,15000,0.593995524163463,nan,nan,0.20903676200601382,5100,nan,nan,175.42218732833862
sig0.2_lr0.002_B1024_beta_dtd_beta0.1_s1,beta_dtd,0.1,0.2,0.002,1024,1,15000,0.44652830544292416,nan,nan,0.19471765624471918,7350,nan,nan,174.47375965118408
sig0.2_lr0.002_B1024_beta_dtd_beta0.25_s1,beta_dtd,0.25,0.2,0.002,1024,1,15000,0.46694345952065713,nan,nan,0.18575796408714768,7700,nan,nan,174.30758142471313
sig0.2_lr0.002_B1024_td_beta0_s2,td,0.0,0.2,0.002,1024,2,15000,0.3033543888997821,nan,nan,0.199166195087222,10350,nan,nan,114.91632676124573
sig0.2_lr0.002_B1024_beta_dtd_beta0.5_s1,beta_dtd,0.5,0.2,0.002,1024,1,15000,0.6172503062214262,nan,nan,0.22670907884970512,9850,nan,nan,173.06028199195862
sig0.2_lr0.002_B1024_beta_dtd_beta0.75_s1,beta_dtd,0.75,0.2,0.002,1024,1,15000,0.3891555498653915,nan,nan,0.24742938468626358,8800,nan,nan,174.4947361946106
sig0.2_lr0.002_B1024_beta_dtd_beta0.1_s2,beta_dtd,0.1,0.2,0.002,1024,2,15000,0.3526721555968731,nan,nan,0.20137840059349205,4350,nan,nan,177.95895290374756
sig0.2_lr0.002_B1024_beta_dtd_beta0.25_s2,beta_dtd,0.25,0.2,0.002,1024,2,15000,0.5056561185782422,nan,nan,0.19926518784229497,10250,nan,nan,178.9258177280426
sig0.2_lr0.002_B1024_beta_dtd_beta0.5_s2,beta_dtd,0.5,0.2,0.002,1024,2,15000,0.3570441295860615,nan,nan,0.20906582740919336,12000,nan,nan,182.15022253990173
sig0.2_lr0.002_B1024_beta_dtd_beta0.75_s2,beta_dtd,0.75,0.2,0.002,1024,2,15000,0.5089213248768802,nan,nan,0.25701759504717053,8750,nan,nan,182.07902812957764
sig0.2_lr0.002_B4096_td_beta0_s0,td,0.0,0.2,0.002,4096,0,15000,0.5551027514002994,nan,nan,0.2139159858374103,1400,nan,nan,330.0219814777374
sig0.2_lr0.002_B4096_td_beta0_s1,td,0.0,0.2,0.002,4096,1,15000,1.1077347370419086,nan,nan,0.26532702837367533,1450,nan,nan,357.7494053840637
sig0.2_lr0.002_B4096_beta_dtd_beta0.1_s0,beta_dtd,0.1,0.2,0.002,4096,0,15000,0.8120192713984852,nan,nan,0.2179435117019244,1400,nan,nan,603.8335947990417
sig0.2_lr0.002_B4096_beta_dtd_beta0.25_s0,beta_dtd,0.25,0.2,0.002,4096,0,15000,0.5865268474333464,nan,nan,0.15693626022208335,1850,nan,nan,605.4404418468475
sig0.2_lr0.002_B4096_beta_dtd_beta0.5_s0,beta_dtd,0.5,0.2,0.002,4096,0,15000,0.4689295917236047,nan,nan,0.21407200930971113,1950,nan,nan,616.2033774852753
sig0.2_lr0.002_B4096_beta_dtd_beta0.75_s0,beta_dtd,0.75,0.2,0.002,4096,0,15000,0.3799995966020687,nan,nan,0.27507400142197475,10300,nan,nan,620.7471408843994
sig0.2_lr0.002_B4096_beta_dtd_beta0.1_s1,beta_dtd,0.1,0.2,0.002,4096,1,15000,0.9139552957406564,nan,nan,0.24735798759316552,1450,nan,nan,619.5907385349274
sig0.2_lr0.002_B4096_beta_dtd_beta0.25_s1,beta_dtd,0.25,0.2,0.002,4096,1,15000,1.0860933557349253,nan,nan,0.19941158757346872,1450,nan,nan,627.9969453811646
sig0.2_lr0.002_B4096_td_beta0_s2,td,0.0,0.2,0.002,4096,2,15000,0.35534326277146316,nan,nan,0.16658477562537757,4100,nan,nan,369.0940046310425
sig0.2_lr0.005_B256_td_beta0_s0,td,0.0,0.2,0.005,256,0,15000,7.24382726285481,nan,nan,0.38868744237764913,2000,nan,nan,91.61186599731445
sig0.2_lr0.002_B4096_beta_dtd_beta0.5_s1,beta_dtd,0.5,0.2,0.002,4096,1,15000,0.44471452705947767,nan,nan,0.22641515425617056,1600,nan,nan,625.9775550365448
sig0.2_lr0.005_B256_beta_dtd_beta0.1_s0,beta_dtd,0.1,0.2,0.005,256,0,15000,3.634534904258518,nan,nan,0.2732177907193778,5800,nan,nan,116.29138350486755
sig0.2_lr0.005_B256_beta_dtd_beta0.25_s0,beta_dtd,0.25,0.2,0.005,256,0,15000,6.70963964708556,nan,nan,0.3966428442078798,4650,nan,nan,118.23808646202087
sig0.2_lr0.002_B4096_beta_dtd_beta0.75_s1,beta_dtd,0.75,0.2,0.002,4096,1,15000,0.3435048562716969,nan,nan,0.27350575210665057,10300,nan,nan,605.4143602848053
sig0.2_lr0.002_B4096_beta_dtd_beta0.1_s2,beta_dtd,0.1,0.2,0.002,4096,2,15000,0.9466664746911541,nan,nan,0.15976927950442643,7250,nan,nan,593.0967793464661
sig0.2_lr0.002_B4096_beta_dtd_beta0.25_s2,beta_dtd,0.25,0.2,0.002,4096,2,15000,0.3769284885892502,nan,nan,0.186899811291017,2350,nan,nan,591.1295878887177
sig0.2_lr0.005_B256_td_beta0_s1,td,0.0,0.2,0.005,256,1,15000,9.619172723542174,nan,nan,0.31164703940366867,2600,nan,nan,79.77113389968872
sig0.2_lr0.005_B256_beta_dtd_beta0.5_s0,beta_dtd,0.5,0.2,0.005,256,0,15000,2.304207273366825,nan,nan,0.3268414421040071,3600,nan,nan,109.54190731048584
sig0.2_lr0.005_B256_beta_dtd_beta0.75_s0,beta_dtd,0.75,0.2,0.005,256,0,15000,0.7744813200255174,nan,nan,0.25949289958257155,1700,nan,nan,106.937748670578
sig0.2_lr0.002_B4096_beta_dtd_beta0.5_s2,beta_dtd,0.5,0.2,0.002,4096,2,15000,0.31211090127684815,nan,nan,0.19657170437119945,2350,nan,nan,588.9460408687592
sig0.2_lr0.005_B256_beta_dtd_beta0.1_s1,beta_dtd,0.1,0.2,0.005,256,1,15000,2.427106303285517,nan,nan,0.32442510239837496,2350,nan,nan,88.02993297576904
sig0.2_lr0.005_B256_beta_dtd_beta0.25_s1,beta_dtd,0.25,0.2,0.005,256,1,15000,1.9433387454188786,nan,nan,0.2974691242413655,3350,nan,nan,86.47424054145813
sig0.2_lr0.005_B256_td_beta0_s2,td,0.0,0.2,0.005,256,2,15000,9.712289602380942,nan,nan,0.3138519494879297,2250,nan,nan,60.06033253669739
sig0.2_lr0.005_B256_beta_dtd_beta0.5_s1,beta_dtd,0.5,0.2,0.005,256,1,15000,0.7977765848414282,nan,nan,0.29049457946384427,2050,nan,nan,86.3296148777008
sig0.2_lr0.005_B256_beta_dtd_beta0.75_s1,beta_dtd,0.75,0.2,0.005,256,1,15000,1.0188680110994581,nan,nan,0.3139045384454243,2050,nan,nan,83.39921379089355
sig0.2_lr0.005_B256_beta_dtd_beta0.1_s2,beta_dtd,0.1,0.2,0.005,256,2,15000,4.484870223234717,nan,nan,0.3290916922994067,2500,nan,nan,83.0754246711731
sig0.2_lr0.002_B4096_beta_dtd_beta0.75_s2,beta_dtd,0.75,0.2,0.002,4096,2,15000,0.4238835215478932,nan,nan,0.24886422439730538,11750,nan,nan,541.2468848228455
sig0.2_lr0.005_B256_beta_dtd_beta0.25_s2,beta_dtd,0.25,0.2,0.005,256,2,15000,6.436039240325299,nan,nan,0.3699322476307852,8650,nan,nan,86.53083968162537
sig0.2_lr0.005_B256_beta_dtd_beta0.5_s2,beta_dtd,0.5,0.2,0.005,256,2,15000,1.9353066125551386,nan,nan,0.3774468830903052,11350,nan,nan,86.32711148262024
sig0.2_lr0.005_B256_beta_dtd_beta0.75_s2,beta_dtd,0.75,0.2,0.005,256,2,15000,0.4594878344842958,nan,nan,0.26844091117321583,2450,nan,nan,86.56766152381897
sig0.2_lr0.005_B1024_td_beta0_s0,td,0.0,0.2,0.005,1024,0,15000,5.223398326247311,nan,nan,0.2956942205284955,2650,nan,nan,105.5890793800354
sig0.2_lr0.005_B1024_beta_dtd_beta0.1_s0,beta_dtd,0.1,0.2,0.005,1024,0,15000,5.6457593847891605,nan,nan,0.2773489165229546,6950,nan,nan,163.27603936195374
sig0.2_lr0.005_B1024_beta_dtd_beta0.25_s0,beta_dtd,0.25,0.2,0.005,1024,0,15000,5.96566746337208,nan,nan,0.24397754873884303,2600,nan,nan,165.53177762031555
sig0.2_lr0.005_B1024_td_beta0_s1,td,0.0,0.2,0.005,1024,1,15000,6.549382894813792,nan,nan,0.31473159405819073,4200,nan,nan,111.33909797668457
sig0.2_lr0.005_B1024_beta_dtd_beta0.5_s0,beta_dtd,0.5,0.2,0.005,1024,0,15000,0.9333132580970984,nan,nan,0.24818156041684758,1150,nan,nan,167.57284140586853
sig0.2_lr0.005_B1024_beta_dtd_beta0.75_s0,beta_dtd,0.75,0.2,0.005,1024,0,15000,0.5382625857092631,nan,nan,0.26519424052680934,9600,nan,nan,167.992493391037
sig0.2_lr0.005_B1024_beta_dtd_beta0.1_s1,beta_dtd,0.1,0.2,0.005,1024,1,15000,9.455673032833367,nan,nan,0.3341000420348391,750,nan,nan,168.31102800369263
sig0.2_lr0.005_B1024_beta_dtd_beta0.25_s1,beta_dtd,0.25,0.2,0.005,1024,1,15000,4.062041873613092,nan,nan,0.3021607454947874,8350,nan,nan,170.0292363166809
sig0.2_lr0.005_B1024_td_beta0_s2,td,0.0,0.2,0.005,1024,2,15000,6.254969929962535,nan,nan,0.3503899813215826,1050,nan,nan,111.15693950653076
sig0.2_lr0.005_B1024_beta_dtd_beta0.5_s1,beta_dtd,0.5,0.2,0.005,1024,1,15000,0.6994686524862074,nan,nan,0.2919184230005094,5350,nan,nan,169.31376600265503
sig0.2_lr0.005_B1024_beta_dtd_beta0.75_s1,beta_dtd,0.75,0.2,0.005,1024,1,15000,0.6339598813283023,nan,nan,0.2852904453780716,2250,nan,nan,169.5583245754242
sig0.2_lr0.005_B1024_beta_dtd_beta0.1_s2,beta_dtd,0.1,0.2,0.005,1024,2,15000,3.8082832778152804,nan,nan,0.29574726438619536,4350,nan,nan,176.96709537506104
sig0.2_lr0.005_B1024_beta_dtd_beta0.25_s2,beta_dtd,0.25,0.2,0.005,1024,2,15000,3.1895584404686588,nan,nan,0.2920266120157556,1050,nan,nan,177.3055145740509
sig0.2_lr0.005_B1024_beta_dtd_beta0.5_s2,beta_dtd,0.5,0.2,0.005,1024,2,15000,0.6276879683336714,nan,nan,0.2703135395405921,1050,nan,nan,178.0393898487091
sig0.2_lr0.005_B1024_beta_dtd_beta0.75_s2,beta_dtd,0.75,0.2,0.005,1024,2,15000,0.6387847218588991,nan,nan,0.2540172247835221,2600,nan,nan,183.65357875823975
sig0.2_lr0.005_B4096_td_beta0_s0,td,0.0,0.2,0.005,4096,0,15000,7.781590673661466,nan,nan,0.23130364504113826,1850,nan,nan,325.0121953487396
sig0.2_lr0.005_B4096_td_beta0_s1,td,0.0,0.2,0.005,4096,1,15000,7.140240438517169,nan,nan,0.2335140284018402,6150,nan,nan,346.4249165058136
sig0.2_lr0.005_B4096_beta_dtd_beta0.1_s0,beta_dtd,0.1,0.2,0.005,4096,0,15000,4.465020743713255,nan,nan,0.23917324359599051,1400,nan,nan,580.7765717506409
sig0.2_lr0.005_B4096_beta_dtd_beta0.25_s0,beta_dtd,0.25,0.2,0.005,4096,0,15000,1.024570045644918,nan,nan,0.22569915046473368,950,nan,nan,581.2152664661407
sig0.2_lr0.005_B4096_beta_dtd_beta0.5_s0,beta_dtd,0.5,0.2,0.005,4096,0,15000,2.79609943409103,nan,nan,0.19185279857048415,1700,nan,nan,590.167831659317
sig0.2_lr0.005_B4096_beta_dtd_beta0.75_s0,beta_dtd,0.75,0.2,0.005,4096,0,15000,0.4836749040833038,nan,nan,0.23995230999969233,5250,nan,nan,588.8167419433594
sig0.2_lr0.005_B4096_beta_dtd_beta0.1_s1,beta_dtd,0.1,0.2,0.005,4096,1,15000,4.142963818333499,nan,nan,0.2301089713490262,800,nan,nan,590.4748692512512
sig0.2_lr0.005_B4096_beta_dtd_beta0.25_s1,beta_dtd,0.25,0.2,0.005,4096,1,15000,5.988545141468963,nan,nan,0.2742875340548419,900,nan,nan,593.4969620704651
sig0.2_lr0.005_B4096_td_beta0_s2,td,0.0,0.2,0.005,4096,2,15000,3.0776853670505426,nan,nan,0.1984326513729278,1950,nan,nan,345.11275267601013
sig0.2_lr0.005_B4096_beta_dtd_beta0.5_s1,beta_dtd,0.5,0.2,0.005,4096,1,15000,0.5822618236852555,nan,nan,0.27409697452875753,1650,nan,nan,579.2915041446686
sig0.2_lr0.005_B4096_beta_dtd_beta0.75_s1,beta_dtd,0.75,0.2,0.005,4096,1,15000,0.5135989663500045,nan,nan,0.3058617378309008,7000,nan,nan,543.8126394748688
sig0.2_lr0.005_B4096_beta_dtd_beta0.1_s2,beta_dtd,0.1,0.2,0.005,4096,2,15000,1.8349457042723556,nan,nan,0.21946526753889684,850,nan,nan,514.743275642395
sig0.2_lr0.005_B4096_beta_dtd_beta0.25_s2,beta_dtd,0.25,0.2,0.005,4096,2,15000,3.6165077762452977,nan,nan,0.2574482179721726,850,nan,nan,512.6434049606323
sig0.2_lr0.005_B4096_beta_dtd_beta0.5_s2,beta_dtd,0.5,0.2,0.005,4096,2,15000,1.7323924805906126,nan,nan,0.24931650726519916,1250,nan,nan,496.2259602546692
sig0.2_lr0.005_B4096_beta_dtd_beta0.75_s2,beta_dtd,0.75,0.2,0.005,4096,2,15000,0.9459095294789551,nan,nan,0.25099605761693533,2600,nan,nan,401.98638558387756
